<?xml version="1.0" encoding="UTF-8"?>
<GenRun Id="impl_1" LaunchPart="xc7a35tcpg236-1" LaunchTime="1548886832">
  <File Type="ROUTE-PWR" Name="ioTest_power_routed.rpt"/>
  <File Type="PA-TCL" Name="ioTest.tcl"/>
  <File Type="BITSTR-BMM" Name="ioTest_bd.bmm"/>
  <File Type="ROUTE-PWR-SUM" Name="ioTest_power_summary_routed.pb"/>
  <File Type="REPORTS-TCL" Name="ioTest_reports.tcl"/>
  <File Type="OPT-DCP" Name="ioTest_opt.dcp"/>
  <File Type="OPT-DRC" Name="ioTest_drc_opted.rpt"/>
  <File Type="OPT-HWDEF" Name="ioTest.hwdef"/>
  <File Type="PWROPT-DCP" Name="ioTest_pwropt.dcp"/>
  <File Type="PLACE-DCP" Name="ioTest_placed.dcp"/>
  <File Type="PLACE-IO" Name="ioTest_io_placed.rpt"/>
  <File Type="PLACE-UTIL" Name="ioTest_utilization_placed.rpt"/>
  <File Type="PLACE-UTIL-PB" Name="ioTest_utilization_placed.pb"/>
  <File Type="PLACE-CTRL" Name="ioTest_control_sets_placed.rpt"/>
  <File Type="PLACE-PRE-SIMILARITY" Name="ioTest_incremental_reuse_pre_placed.rpt"/>
  <File Type="BG-BGN" Name="ioTest.bgn"/>
  <File Type="POSTPLACE-PWROPT-DCP" Name="ioTest_postplace_pwropt.dcp"/>
  <File Type="BG-BIN" Name="ioTest.bin"/>
  <File Type="PHYSOPT-DCP" Name="ioTest_physopt.dcp"/>
  <File Type="BITSTR-MSK" Name="ioTest.msk"/>
  <File Type="ROUTE-ERROR-DCP" Name="ioTest_routed_error.dcp"/>
  <File Type="ROUTE-DCP" Name="ioTest_routed.dcp"/>
  <File Type="ROUTE-BLACKBOX-DCP" Name="ioTest_routed_bb.dcp"/>
  <File Type="ROUTE-DRC" Name="ioTest_drc_routed.rpt"/>
  <File Type="ROUTE-DRC-PB" Name="ioTest_drc_routed.pb"/>
  <File Type="ROUTE-DRC-RPX" Name="ioTest_drc_routed.rpx"/>
  <File Type="BITSTR-LTX" Name="ioTest.ltx"/>
  <File Type="ROUTE-METHODOLOGY-DRC" Name="ioTest_methodology_drc_routed.rpt"/>
  <File Type="BITSTR-MMI" Name="ioTest.mmi"/>
  <File Type="ROUTE-METHODOLOGY-DRC-RPX" Name="ioTest_methodology_drc_routed.rpx"/>
  <File Type="ROUTE-METHODOLOGY-DRC-PB" Name="ioTest_methodology_drc_routed.pb"/>
  <File Type="BITSTR-SYSDEF" Name="ioTest.sysdef"/>
  <File Type="ROUTE-PWR-RPX" Name="ioTest_power_routed.rpx"/>
  <File Type="ROUTE-STATUS" Name="ioTest_route_status.rpt"/>
  <File Type="ROUTE-STATUS-PB" Name="ioTest_route_status.pb"/>
  <File Type="ROUTE-TIMINGSUMMARY" Name="ioTest_timing_summary_routed.rpt"/>
  <File Type="ROUTE-TIMING-PB" Name="ioTest_timing_summary_routed.pb"/>
  <File Type="ROUTE-TIMING-RPX" Name="ioTest_timing_summary_routed.rpx"/>
  <File Type="ROUTE-CLK" Name="ioTest_clock_utilization_routed.rpt"/>
  <File Type="ROUTE-BUS-SKEW" Name="ioTest_bus_skew_routed.rpt"/>
  <File Type="ROUTE-BUS-SKEW-PB" Name="ioTest_bus_skew_routed.pb"/>
  <File Type="ROUTE-BUS-SKEW-RPX" Name="ioTest_bus_skew_routed.rpx"/>
  <File Type="POSTROUTE-PHYSOPT-DCP" Name="ioTest_postroute_physopt.dcp"/>
  <File Type="POSTROUTE-PHYSOPT-BLACKBOX-DCP" Name="ioTest_postroute_physopt_bb.dcp"/>
  <File Type="BG-BIT" Name="ioTest.bit"/>
  <File Type="BITSTR-RBT" Name="ioTest.rbt"/>
  <File Type="BITSTR-NKY" Name="ioTest.nky"/>
  <File Type="BG-DRC" Name="ioTest.drc"/>
  <File Type="RDI-RDI" Name="ioTest.vdi"/>
  <File Type="WBT-USG" Name="usage_statistics_webtalk.html"/>
  <FileSet Name="sources" Type="DesignSrcs" RelSrcDir="$PSRCDIR/sources_1">
    <Filter Type="Srcs"/>
    <File Path="$PSRCDIR/sources_1/imports/470L/ioTest.v">
      <FileInfo>
        <Attr Name="ImportPath" Val="$PPRDIR/../../../../../../../../470L/ioTest.v"/>
        <Attr Name="ImportTime" Val="1548883002"/>
        <Attr Name="UsedIn" Val="synthesis"/>
        <Attr Name="UsedIn" Val="implementation"/>
        <Attr Name="UsedIn" Val="simulation"/>
      </FileInfo>
    </File>
    <Config>
      <Option Name="DesignMode" Val="RTL"/>
      <Option Name="TopModule" Val="ioTest"/>
      <Option Name="TopAutoSet" Val="TRUE"/>
    </Config>
  </FileSet>
  <FileSet Name="constrs_in" Type="Constrs" RelSrcDir="$PSRCDIR/constrs_1">
    <Filter Type="Constrs"/>
    <File Path="$PSRCDIR/constrs_1/imports/470L/board.xdc">
      <FileInfo>
        <Attr Name="ImportPath" Val="$PPRDIR/../../../../../../../../470L/board.xdc"/>
        <Attr Name="ImportTime" Val="1548882803"/>
        <Attr Name="UsedIn" Val="synthesis"/>
        <Attr Name="UsedIn" Val="implementation"/>
      </FileInfo>
    </File>
    <Config>
      <Option Name="TargetConstrsFile" Val="$PSRCDIR/constrs_1/imports/470L/board.xdc"/>
      <Option Name="ConstrsType" Val="XDC"/>
    </Config>
  </FileSet>
  <FileSet Name="utils" Type="Utils" RelSrcDir="$PSRCDIR/utils_1">
    <Filter Type="Utils"/>
    <Config>
      <Option Name="TopAutoSet" Val="TRUE"/>
    </Config>
  </FileSet>
  <Strategy Version="1" Minor="2">
    <StratHandle Name="Vivado Implementation Defaults" Flow="Vivado Implementation 2018"/>
    <Step Id="init_design"/>
    <Step Id="opt_design"/>
    <Step Id="power_opt_design"/>
    <Step Id="place_design"/>
    <Step Id="post_place_power_opt_design"/>
    <Step Id="phys_opt_design"/>
    <Step Id="route_design"/>
    <Step Id="post_route_phys_opt_design"/>
    <Step Id="write_bitstream">
      <Option Id="BinFile">1</Option>
    </Step>
  </Strategy>
</GenRun>
